<?xml version="1.0" encoding="UTF-8"?><rss version="2.0"
	xmlns:content="http://purl.org/rss/1.0/modules/content/"
	xmlns:dc="http://purl.org/dc/elements/1.1/"
	xmlns:atom="http://www.w3.org/2005/Atom"
	xmlns:sy="http://purl.org/rss/1.0/modules/syndication/"
	
	>
<channel>
	<title>
	〈Home〉的留言	</title>
	<atom:link href="/home/feed/" rel="self" type="application/rss+xml" />
	<link>/</link>
	<description>雙龍體育</description>
	<lastBuildDate>Sun, 06 Feb 2022 06:53:20 +0000</lastBuildDate>
	<sy:updatePeriod>
	hourly	</sy:updatePeriod>
	<sy:updateFrequency>
	1	</sy:updateFrequency>
	<generator>https://wordpress.org/?v=5.9</generator>
</channel>
</rss>
