<?xml version="1.0" encoding="UTF-8"?><rss version="2.0"
	xmlns:content="http://purl.org/rss/1.0/modules/content/"
	xmlns:wfw="http://wellformedweb.org/CommentAPI/"
	xmlns:dc="http://purl.org/dc/elements/1.1/"
	xmlns:atom="http://www.w3.org/2005/Atom"
	xmlns:sy="http://purl.org/rss/1.0/modules/syndication/"
	xmlns:slash="http://purl.org/rss/1.0/modules/slash/"
	>

<channel>
	<title>雙龍體育</title>
	<atom:link href="/feed/" rel="self" type="application/rss+xml" />
	<link>/</link>
	<description>雙龍體育</description>
	<lastBuildDate>Fri, 04 Feb 2022 03:19:20 +0000</lastBuildDate>
	<language>zh-TW</language>
	<sy:updatePeriod>
	hourly	</sy:updatePeriod>
	<sy:updateFrequency>
	1	</sy:updateFrequency>
	<generator>https://wordpress.org/?v=5.9</generator>
	<item>
		<title>Hello world!</title>
		<link>/2022/02/04/hello-world/</link>
					<comments>/2022/02/04/hello-world/#comments</comments>
		
		<dc:creator><![CDATA[admin]]></dc:creator>
		<pubDate>Fri, 04 Feb 2022 03:19:20 +0000</pubDate>
				<category><![CDATA[Uncategorized]]></category>
		<guid isPermaLink="false">/?p=1</guid>

					<description><![CDATA[<p>Welcome to WordPress. This is your first post. Edit or  &#8230;</p>
<p class="read-more"> <a class="" href="/2022/02/04/hello-world/"> <span class="screen-reader-text">Hello world!</span> Read More &#187;</a></p>
<p>這篇文章 <a rel="nofollow" href="/2022/02/04/hello-world/">Hello world!</a> 最早出現於 <a rel="nofollow" href="/">雙龍體育</a>。</p>
]]></description>
										<content:encoded><![CDATA[
<p>Welcome to WordPress. This is your first post. Edit or delete it, then start writing!</p>
<p>這篇文章 <a rel="nofollow" href="/2022/02/04/hello-world/">Hello world!</a> 最早出現於 <a rel="nofollow" href="/">雙龍體育</a>。</p>
]]></content:encoded>
					
					<wfw:commentRss>/2022/02/04/hello-world/feed/</wfw:commentRss>
			<slash:comments>1</slash:comments>
		
		
			</item>
	</channel>
</rss>
